{"cameraMode":{"drawMode":0,"name":"Shaded","section":"Shading Mode"},"sceneLighting":true,"audioPlay":false,"sceneViewState":{"showFog":true,"showMaterialUpdate":false,"showSkybox":true,"showFlares":true,"showImageEffects":true,"showParticleSystems":true,"showVisualEffectGraphs":true,"m_FxEnabled":true},"in2DMode":false,"pivot":{"x":2.3383424282073976,"y":3.295896530151367,"z":2.6651506423950197},"rotation":{"x":0.11157652735710144,"y":-0.8862503170967102,"z":0.2832159996032715,"w":0.34915217757225039},"size":0.6312264204025269,"orthographic":false}